key,team_number,nickname,name,school_name,city,state_prov,country,address,postal_code,gmaps_place_id,gmaps_url,lat,lng,location_name,website,rookie_year,pit_trench,pit_scouter,pit_bump,pit_DB,pit_align,pit_BPS,pit_maxHopper,pit_a_maxFuel,pit_estAccuracy,pit_movingFerry,pit_ferryAutoalign,pit_ferrying,pit_netFerry,drawn_autons,pit_Notes,pit_sideClimb,pit_climb,bps_1,accuracy_1,bpsMatch_1,bps_2,accuracy_2,bpsMatch_2,ba_opr,ba_dpr,ba_ccwms,rank,wins,losses,ties,team_key
frc10444,10444,Ursa Major,Sam Barlow High School,Sam Barlow High School,Gresham,Oregon,USA,,,,,,,,,2025,1,HD,cant,swerve,manual,2,10,8,0.9,1,0,"[""NZ"",""OZ""]",[],"{""version"":1,""autos"":[{""id"":""auto-1"",""name"":""Auto 1"",""nodes"":[{""id"":""node-1774628467427-1"",""action"":""Start"",""x"":0.4351649081093957,""y"":0.4916761751739669,""end"":false},{""id"":""node-1774628471766-2"",""action"":""Shoot"",""x"":0.35400795899000376,""y"":0.4949544717163385,""end"":true}],""edges"":[{""id"":""edge-1774628486192-3"",""from"":""node-1774628467427-1"",""to"":""node-1774628471766-2"",""cx"":0.3945864335496997,""cy"":0.4933153234451527}]}],""activeAutoId"":""auto-1""}",,0,[],1.31,0.89,,,,,35.4637947227819,-32.5075706707687,67.97136539355057,15,3,2,0,frc10444
frc10991,10991,PioBytes,Argosy Foundation/ORTOP/NASA/Oregon Trail School District/Gene Haas Foundation/Robonauts Everybot&Sandy High School,Sandy High School,Sandy,Oregon,USA,,,,,,,,,2026,1,AP,low confidence,swerve,auto_static,3,20,20,0.85,0,0,[],[],"{""version"":1,""autos"":[{""id"":""auto-1"",""name"":""Auto 1"",""nodes"":[{""id"":""node-1774629014931-1"",""action"":""Start"",""x"":0.4484468314242157,""y"":0.1371667779546972},{""id"":""node-1774629019517-2"",""action"":""Intake"",""x"":0.6901285332661995,""y"":0.38535620730391906},{""id"":""node-1774629021822-3"",""action"":""Shoot"",""x"":0.41577504580483643,""y"":0.27030150495659766},{""id"":""node-1774629025182-4"",""action"":""Intake"",""x"":0.6946041203373474,""y"":0.262083311931789},{""id"":""node-1774629026553-5"",""action"":""Shoot"",""x"":0.37101917509335797,""y"":0.20619959936309004}],""edges"":[{""id"":""edge-1774629029340-6"",""from"":""node-1774629014931-1"",""to"":""node-1774629025182-4"",""cx"":0.5715254758807815,""cy"":0.19962504494324312},{""id"":""edge-1774629030282-7"",""from"":""node-1774629025182-4"",""to"":""node-1774629026553-5"",""cx"":0.5328116477153527,""cy"":0.23414145564743954},{""id"":""edge-1774629031080-8"",""from"":""node-1774629026553-5"",""to"":""node-1774629019517-2"",""cx"":0.5305738541797788,""cy"":0.29577790333350457},{""id"":""edge-1774629031610-9"",""from"":""node-1774629019517-2"",""to"":""node-1774629021822-3"",""cx"":0.5529517895355179,""cy"":0.32782885613025836}]},{""id"":""auto-1774629033673-10"",""name"":""Auto 2"",""nodes"":[{""id"":""node-1774629036503-11"",""action"":""Start"",""x"":0.4667967384159219,""y"":0.5283527659355899,""end"":false},{""id"":""node-1774629038004-12"",""action"":""Shoot"",""x"":0.3933971104490972,""y"":0.540680055472803,""end"":true}],""edges"":[{""id"":""edge-1774629042045-13"",""from"":""node-1774629036503-11"",""to"":""node-1774629038004-12"",""cx"":0.4300969244325096,""cy"":0.5345164107041964}]}],""activeAutoId"":""auto-1774629033673-10""}",,0,[],3.235,1,,,,,43.13156687235721,100.406042730666,-57.27447585830885,20,2,3,0,frc10991
frc1359,1359,Scalawags,"Pacific Power Corp/Ford Family Foundation/Argosy/LAM/Oregon Community Foundation/Feral and Free Creations/International Brotherhood of Electrical Workers Local 280/Optimal Control Systems/Pizza Schmizza/Cafe Rock/Peak Internet/Rice Logging/Lebanon Rotary/SinterCore/H & H Rental/Rauch, McFetridge, Cleveland, and Stein/LBCC Mechatronics/Wilco&Venture Crew 308",Venture Crew 308,Lebanon,Oregon,USA,,97355,,,,,,https://www.scalawags.org,2004,0,DS,can,swerve,auto_moving,2,30,8,0.9,0,1,"[""NZ""]",[],"{""version"":1,""autos"":[{""id"":""auto-1"",""name"":""Auto 1"",""nodes"":[{""id"":""node-1774626996683-1"",""action"":""Start"",""x"":0.3817605840641128,""y"":0.23331963634495864},{""id"":""node-1774626997980-2"",""action"":""Shoot"",""x"":0.3759423208716206,""y"":0.35494889311212696},{""id"":""node-1774626999750-3"",""action"":""Climb"",""x"":0.29448663617672977,""y"":0.46178540243463967}],""edges"":[{""id"":""edge-1774627004014-4"",""from"":""node-1774626996683-1"",""to"":""node-1774626997980-2"",""cx"":0.37885145246786667,""cy"":0.2941342647285428},{""id"":""edge-1774627004757-5"",""from"":""node-1774626997980-2"",""to"":""node-1774626999750-3"",""cx"":0.3352144785241752,""cy"":0.40836714777338334}]}],""activeAutoId"":""auto-1""}",,1,"[""L1""]",0.73,1,,,,,51.6297220291934,50.42761497030372,1.202107058889645,12,3,2,0,frc1359
frc1425,1425,Error Code Xero,Lam Research/TE Connectivity/Lockheed Martin/Autodesk/Intuitive Foundation/Marie Lamfrom Charitable Foundation&Wilsonville High School,Wilsonville High School,Wilsonville,Oregon,USA,,97070,,,,,,http://www.wilsonvillerobotics.com,2004,1,AP,low confidence,swerve,auto_static,7.5,38,45,0.95,0,1,"[""NZ"",""OZ""]",[],"{""version"":1,""autos"":[{""id"":""auto-1"",""name"":""2nz Bump"",""nodes"":[{""id"":""node-1774583146890-1"",""action"":""Start"",""x"":0.4446268458944951,""y"":0.15030767127034048},{""id"":""node-1774583147944-2"",""action"":""Intake"",""x"":0.6816080446400966,""y"":0.1380555175714481},{""id"":""node-1774583161137-3"",""action"":""Shoot"",""x"":0.4323773207108258,""y"":0.30170928483522497},{""id"":""node-1774583163344-4"",""action"":""Intake"",""x"":0.6783100955521856,""y"":0.24744974702584438},{""id"":""node-1774583165390-5"",""action"":""Shoot"",""x"":0.4314350495428513,""y"":0.394475591412553}],""edges"":[{""id"":""edge-1774583168225-6"",""from"":""node-1774583146890-1"",""to"":""node-1774583147944-2"",""cx"":0.5631174452672958,""cy"":0.1441815944208943},{""id"":""edge-1774583170236-7"",""from"":""node-1774583147944-2"",""to"":""node-1774583161137-3"",""cx"":0.660406943360669,""cy"":0.22819636264187065},{""id"":""edge-1774583172210-8"",""from"":""node-1774583161137-3"",""to"":""node-1774583163344-4"",""cx"":0.547334403203722,""cy"":0.3021468617530425},{""id"":""edge-1774583172839-9"",""from"":""node-1774583163344-4"",""to"":""node-1774583165390-5"",""cx"":0.4460402526464569,""cy"":0.5196225899083823}]},{""id"":""auto-1774583227002-10"",""name"":""Nz & Depo"",""nodes"":[{""id"":""node-1774583309479-11"",""action"":""Start"",""x"":0.4898558619572739,""y"":0.1319294407220019},{""id"":""node-1774583313741-12"",""action"":""Intake"",""x"":0.7056359594234478,""y"":0.29470805415014356},{""id"":""node-1774583316459-13"",""action"":""Shoot"",""x"":0.44980933731835515,""y"":0.3682209763434979},{""id"":""node-1774583317558-14"",""action"":""Intake"",""x"":0.2524035276276851,""y"":0.3008341309995898},{""id"":""node-1774583318996-15"",""action"":""Shoot"",""x"":0.3946864739918435,""y"":0.46623820593463694}],""edges"":[{""id"":""edge-1774583323631-16"",""from"":""node-1774583309479-11"",""to"":""node-1774583313741-12"",""cx"":0.5977459106903609,""cy"":0.21331874743607274},{""id"":""edge-1774583325190-17"",""from"":""node-1774583313741-12"",""to"":""node-1774583316459-13"",""cx"":0.5916211480985263,""cy"":0.4207302064816081},{""id"":""edge-1774583326210-18"",""from"":""node-1774583316459-13"",""to"":""node-1774583317558-14"",""cx"":0.3511064324730201,""cy"":0.33452755367154385},{""id"":""edge-1774583326789-19"",""from"":""node-1774583317558-14"",""to"":""node-1774583318996-15"",""cx"":0.3235450008097643,""cy"":0.38353616846711336}]}],""activeAutoId"":""auto-1774583227002-10""}",middd,0,[],8,0.96,,,,,128.6352619550717,-0.7668443599948489,129.4021063150666,2,5,0,0,frc1425
frc1540,1540,Flaming Chickens,Polymaker/TEL/FIRST Washington&Catlin Gabel School,Catlin Gabel School,Portland,Oregon,USA,,97225,,,,,,http://www.team1540.org/,2005,1,HD,can,swerve,auto_moving,7,40,55,0.95,1,1,"[""NZ"",""OZ""]",[],"{""version"":1,""autos"":[{""id"":""auto-1"",""name"":""Auto 1"",""nodes"":[{""id"":""node-1774627258043-1"",""action"":""Start"",""x"":0.4524704119301807,""y"":0.20864992369016455,""end"":false},{""id"":""node-1774627261550-3"",""action"":""Intake"",""x"":0.7221978405612377,""y"":0.3627298611816294,""end"":false},{""id"":""node-1774627263482-4"",""action"":""Shoot"",""x"":0.3963766326501066,""y"":0.1387129474605157,""end"":false},{""id"":""node-1774627270645-5"",""action"":""Intake"",""x"":0.6887803536199801,""y"":0.28732904070708276,""end"":false},{""id"":""node-1774627272478-6"",""action"":""Shoot"",""x"":0.3927961798159183,""y"":0.2348762960291373,""end"":false},{""id"":""node-1774627279910-8"",""action"":""End"",""x"":0.6410409460752203,""y"":0.18570184789356342}],""edges"":[{""id"":""edge-1774627392081-22"",""from"":""node-1774627258043-1"",""to"":""node-1774627261550-3"",""cx"":0.6016559648991495,""cy"":0.07096146891055767},{""id"":""edge-1774627394288-23"",""from"":""node-1774627261550-3"",""to"":""node-1774627263482-4"",""cx"":0.5753992743595193,""cy"":0.06986872007071228},{""id"":""edge-1774627396498-24"",""from"":""node-1774627263482-4"",""to"":""node-1774627270645-5"",""cx"":0.5425784931350434,""cy"":0.21302099408379924},{""id"":""edge-1774627397323-25"",""from"":""node-1774627270645-5"",""to"":""node-1774627272478-6"",""cx"":0.5407882667179492,""cy"":0.26110266836811},{""id"":""edge-1774627398217-26"",""from"":""node-1774627272478-6"",""to"":""node-1774627279910-8"",""cx"":0.5169185629455693,""cy"":0.21028907196135035}]},{""id"":""auto-1774627281342-9"",""name"":""Auto 2"",""nodes"":[{""id"":""node-1774627341188-10"",""action"":""Start"",""x"":0.44113229307745977,""y"":0.21411376793506234,""end"":false},{""id"":""node-1774627344110-11"",""action"":""Intake"",""x"":0.7210044291276744,""y"":0.289514588409609,""end"":false},{""id"":""node-1774627345240-12"",""action"":""Shoot"",""x"":0.3707167570940071,""y"":0.2294124517842395,""end"":false},{""id"":""node-1774627356693-13"",""action"":""Shoot"",""x"":0.3737004495780391,""y"":0.17040311402155084,""end"":false},{""id"":""node-1774627359169-14"",""action"":""Intake"",""x"":0.7120532970422038,""y"":0.43703793281633063,""end"":false},{""id"":""node-1774627361428-15"",""action"":""End"",""x"":0.3062686060786185,""y"":0.27093755799522484}],""edges"":[{""id"":""edge-1774627370521-16"",""from"":""node-1774627344110-11"",""to"":""node-1774627341188-10"",""cx"":0.5810683611025671,""cy"":0.25181417817233565},{""id"":""edge-1774627371875-17"",""from"":""node-1774627341188-10"",""to"":""node-1774627344110-11"",""cx"":0.5810683611025671,""cy"":0.25181417817233565},{""id"":""edge-1774627373550-18"",""from"":""node-1774627356693-13"",""to"":""node-1774627344110-11"",""cx"":0.5795764875438638,""cy"":0.32776134805538726},{""id"":""edge-1774627376801-19"",""from"":""node-1774627356693-13"",""to"":""node-1774627359169-14"",""cx"":0.5428768733101215,""cy"":0.30372052341894074},{""id"":""edge-1774627378256-20"",""from"":""node-1774627359169-14"",""to"":""node-1774627345240-12"",""cx"":0.5413850270681054,""cy"":0.3332251923002851},{""id"":""edge-1774627379409-21"",""from"":""node-1774627345240-12"",""to"":""node-1774627361428-15"",""cx"":0.3384926815863128,""cy"":0.25017500488973216}]}],""activeAutoId"":""auto-1""}",organized pit,0,[],4.85,1,,,,,177.81856598526653,85.68506624273408,92.13349974253249,16,2,3,0,frc1540
frc2471,2471,Team Mean Machine,US Digital/Fisher Investments/Analog Devices/Protech Composites/The Boeing Company/Hewlett Packard/WA OSPI/Camas Washougal Rotary/Wafertech/United Precision Corp&Camas High School&Hockinson High School&Washougal High School&Discovery High School,Discovery High School & Camas High School & Washougal High School & Hockinson High School,Camas,Washington,USA,,98607,,,,,,http://www.team2471.org/,2008,1,NP,can,swerve,auto_moving,10-13,50,70,80,1,0,"[""NZ""]",[],"{""version"":1,""autos"":[{""id"":""auto-1"",""name"":""Auto 1"",""nodes"":[{""id"":""node-1774625390098-1"",""action"":""Start"",""x"":0.5173708723198925,""y"":0.9113205608916739},{""id"":""node-1774625395624-2"",""action"":""Intake"",""x"":0.6610372173037385,""y"":0.6968257229441677},{""id"":""node-1774625404271-3"",""action"":""Intake"",""x"":0.6583518650610498,""y"":0.7855822076121013},{""id"":""node-1774625418180-4"",""action"":""Shoot"",""x"":0.5258744877550735,""y"":0.8151677025014125},{""id"":""node-1774625427443-5"",""action"":""Shoot"",""x"":0.4171177219261808,""y"":0.8751605115825158}],""edges"":[{""id"":""edge-1774625436445-6"",""from"":""node-1774625390098-1"",""to"":""node-1774625404271-3"",""cx"":0.5878613686904712,""cy"":0.8484513842518876},{""id"":""edge-1774625441080-7"",""from"":""node-1774625404271-3"",""to"":""node-1774625418180-4"",""cx"":0.5921131764080616,""cy"":0.8003749550567569},{""id"":""edge-1774625443715-8"",""from"":""node-1774625418180-4"",""to"":""node-1774625395624-2"",""cx"":0.593455852529406,""cy"":0.75599671272279}]},{""id"":""auto-1774625474877-14"",""name"":""Auto 2"",""nodes"":[{""id"":""node-1774625477988-15"",""action"":""Start"",""x"":0.5151330787843187,""y"":0.09525399352817299},{""id"":""node-1774625480143-16"",""action"":""Intake"",""x"":0.664170128253542,""y"":0.3138579279880836},{""id"":""node-1774625481917-17"",""action"":""Shoot"",""x"":0.39518734527755633,""y"":0.13305768144229288},{""id"":""node-1774625484816-18"",""action"":""Intake"",""x"":0.6690932740318046,""y"":0.4420617391750989},{""id"":""node-1774625487163-19"",""action"":""Shoot"",""x"":0.4524748597882488,""y"":0.19140685191843443}],""edges"":[{""id"":""edge-1774625495707-20"",""from"":""node-1774625477988-15"",""to"":""node-1774625480143-16"",""cx"":0.6583518650610498,""cy"":0.11579947609019467},{""id"":""edge-1774625497688-21"",""from"":""node-1774625480143-16"",""to"":""node-1774625487163-19"",""cx"":0.587190030629799,""cy"":0.1651086342390467},{""id"":""edge-1774625498976-22"",""from"":""node-1774625487163-19"",""to"":""node-1774625484816-18"",""cx"":0.6055399376215052,""cy"":0.20866505727053264},{""id"":""edge-1774625500215-23"",""from"":""node-1774625484816-18"",""to"":""node-1774625481917-17"",""cx"":0.6212044923705227,""cy"":0.1174431146951564}]}],""activeAutoId"":""auto-1774625474877-14""}",,0,[],7.41,0.88,,,,,136.62250676862146,62.842225339967285,73.78028142865416,7,4,1,0,frc2471
frc2521,2521,SERT,Central Lane Robotics/Google/Service Family Foundation/Oregon Department of Education /Springfield Utility Board/FIRSTWA/Autodesk /Boutique Academia /Friends and Family &Family/Community,Family/Community,Eugene,Oregon,USA,,97405,,,,,,http://www.sert2521.org,2008,0,DS,can,swerve,auto_static,12,30,25,0.85,1,0,"[""NZ""]",[],"{""version"":1,""autos"":[{""id"":""auto-1"",""name"":""Auto 1"",""nodes"":[{""id"":""node-1774625668336-1"",""action"":""Start"",""x"":0.43860053986769043,""y"":0.14045405516462067},{""id"":""node-1774625669504-2"",""action"":""Shoot"",""x"":0.40906166519811465,""y"":0.20537778006060917},{""id"":""node-1774625670459-3"",""action"":""Intake"",""x"":0.6623798934250829,""y"":0.3393343263649905},{""id"":""node-1774625671560-4"",""action"":""Shoot"",""x"":0.36922894026489883,""y"":0.11662129539267553},{""id"":""node-1774625672804-5"",""action"":""Intake"",""x"":0.2568917047790878,""y"":0.28755971030869587},{""id"":""node-1774625673808-6"",""action"":""Shoot"",""x"":0.3696764989720136,""y"":0.286737891006215}],""edges"":[{""id"":""edge-1774625698725-7"",""from"":""node-1774625668336-1"",""to"":""node-1774625670459-3"",""cx"":0.580924208730192,""cy"":0.05991576352149571},{""id"":""edge-1774625701473-8"",""from"":""node-1774625670459-3"",""to"":""node-1774625671560-4"",""cx"":0.5760010629519294,""cy"":0.02704299142226103},{""id"":""edge-1774625707990-9"",""from"":""node-1774625671560-4"",""to"":""node-1774625672804-5"",""cx"":0.31306032252199334,""cy"":0.2020905028506857},{""id"":""edge-1774625709552-10"",""from"":""node-1774625672804-5"",""to"":""node-1774625673808-6"",""cx"":0.31328410187555067,""cy"":0.2871488006574554},{""id"":""edge-1774625712373-11"",""from"":""node-1774625668336-1"",""to"":""node-1774625669504-2"",""cx"":0.42383110253290257,""cy"":0.17291591761261493},{""id"":""edge-1774625730083-12"",""from"":""node-1774625669504-2"",""to"":""node-1774625670459-3"",""cx"":0.5630218604456007,""cy"":0.08457034259592172}]}],""activeAutoId"":""auto-1""}",,0,[],9.375,0.88,,,,,51.734054446529456,143.6802914439702,-91.94623699744076,30,1,4,0,frc2521
frc2550,2550,Skynet,"LAM International/Creative Plastics/Xerox/UnitedHealth Group/Whitaker Ellis Builders, Inc/Argosy/Torrey Edwards/TEL/GK Machine/Autodesk/Troutdale Sand and Gravel&Clackamas Acad-Industrial Sci",Clackamas Acad-Industrial Sci,Oregon City,Oregon,USA,,97045,,,,,,http://team2550.blogspot.com/,2008,1,CW,can,tank,auto_static,2,35-40,8,0.5,1,0,"[""NZ""]","[""NZ""]","{""version"":1,""autos"":[{""id"":""auto-1"",""name"":""Auto 1"",""nodes"":[{""id"":""node-1774625250130-1"",""action"":""Start"",""x"":0.4559340999101898,""y"":0.5616299740188705},{""id"":""node-1774625256339-2"",""action"":""Shoot"",""x"":0.3847926267281106,""y"":0.5415014357992616},{""id"":""node-1774625265707-4"",""action"":""Climb"",""x"":0.30564184861824767,""y"":0.5152468207302064}],""edges"":[{""id"":""edge-1774625272491-5"",""from"":""node-1774625250130-1"",""to"":""node-1774625256339-2"",""cx"":0.4203633633191502,""cy"":0.5515657049090661},{""id"":""edge-1774625273204-6"",""from"":""node-1774625256339-2"",""to"":""node-1774625265707-4"",""cx"":0.34521723767317913,""cy"":0.5283741282647341}]},{""id"":""auto-1774625275586-7"",""name"":""Auto 2"",""nodes"":[{""id"":""node-1774625280454-8"",""action"":""Start"",""x"":0.46865476067784634,""y"":0.5660057431970463},{""id"":""node-1774625283504-9"",""action"":""Shoot"",""x"":0.3937442028238689,""y"":0.5668808970326815}],""edges"":[{""id"":""edge-1774625291426-10"",""from"":""node-1774625265707-4"",""to"":""node-1774625280454-8""},{""id"":""edge-1774625296880-11"",""from"":""node-1774625280454-8"",""to"":""node-1774625283504-9"",""cx"":0.43119948175085765,""cy"":0.566443320114864}]}],""activeAutoId"":""auto-1774625275586-7""}",working on a side climb auto,1,"[""L1""]",2.25,1,,,,,5.4500681427822,47.486013615739736,-42.03594547295754,23,2,3,0,frc2550
frc2557,2557,SOTAbots,Ash Grove (a CRH Company)/FIRST Washington/Olympic Kennel Club/Boeing/Puget Sound Marine Services/TCF Architecture/Hewitt Cabinetry/TAPCO Credit Union/Tacoma School District/Zumar Industries Incorporated/Gray Lumber Company/Elements of Education Partners/City of Fircrest/FIRST Inspires Leadership Winner's Award/Automated Systems of Tacoma&Tacoma School of the Arts&Science & Math Institute&Industrial Design Engineering and Art High School,Industrial Design Engineering and Art High School & Science & Math Institute & Tacoma School of the Arts,Tacoma,Washington,USA,,98408,,,,,,http://www.sotabots.com,2008,1,HD,can,swerve,auto_static,13,30,30,0.75,1,1,"[""NZ""]",[],"{""version"":1,""autos"":[{""id"":""auto-1"",""name"":""Auto 1"",""nodes"":[{""id"":""node-1774626170405-1"",""action"":""Start"",""x"":0.4572443308313069,""y"":0.49714006944170014,""end"":false},{""id"":""node-1774626172268-2"",""action"":""Shoot"",""x"":0.40234407225154517,""y"":0.5004183659840717,""end"":false},{""id"":""node-1774626343621-27"",""action"":""End"",""x"":0.40831151185298376,""y"":0.5692625933738752}],""edges"":[{""id"":""edge-1774626292712-19"",""from"":""node-1774626170405-1"",""to"":""node-1774626172268-2"",""cx"":0.429794201541426,""cy"":0.4987792177128859},{""id"":""edge-1774626299760-20"",""from"":""node-1774626172268-2"",""to"":""node-1774626170405-1"",""cx"":0.429794201541426,""cy"":0.4987792177128859},{""id"":""edge-1774626347312-28"",""from"":""node-1774626172268-2"",""to"":""node-1774626343621-27"",""cx"":0.40532779205226444,""cy"":0.5348404796789734},{""id"":""edge-1774626347987-29"",""from"":""node-1774626343621-27"",""to"":""node-1774626172268-2"",""cx"":0.40532779205226444,""cy"":0.5348404796789734}]},{""id"":""auto-1774626179024-3"",""name"":""Auto 2"",""nodes"":[{""id"":""node-1774626184915-4"",""action"":""Start"",""x"":0.41547241752136027,""y"":0.7298991239500832,""end"":false},{""id"":""node-1774626194456-5"",""action"":""Shoot"",""x"":0.3742972099281954,""y"":0.6665186907823422,""end"":false},{""id"":""node-1774626197577-6"",""action"":""Intake"",""x"":0.7084728442080155,""y"":0.5758191864586184,""end"":false},{""id"":""node-1774626203382-7"",""action"":""Shoot"",""x"":0.35579818540709784,""y"":0.7659603859161708,""end"":false},{""id"":""node-1774626208118-8"",""action"":""Intake"",""x"":0.7102630706251096,""y"":0.6872812688992526,""end"":false},{""id"":""node-1774626215241-9"",""action"":""End"",""x"":0.36295909107547436,""y"":0.8511960960178322},{""id"":""node-1774626219214-10"",""action"":""Shoot"",""x"":0.42442354960683093,""y"":0.8413612063907173}],""edges"":[{""id"":""edge-1774626308857-21"",""from"":""node-1774626184915-4"",""to"":""node-1774626194456-5"",""cx"":0.3948848137247778,""cy"":0.6982089073662127},{""id"":""edge-1774626311042-22"",""from"":""node-1774626194456-5"",""to"":""node-1774626197577-6"",""cx"":0.5413850270681054,""cy"":0.6211689386204803},{""id"":""edge-1774626313689-23"",""from"":""node-1774626197577-6"",""to"":""node-1774626203382-7"",""cx"":0.6004624441988371,""cy"":0.659962097697599},{""id"":""edge-1774626315869-24"",""from"":""node-1774626203382-7"",""to"":""node-1774626208118-8"",""cx"":0.5634644497900166,""cy"":0.7757952755432855},{""id"":""edge-1774626317192-25"",""from"":""node-1774626208118-8"",""to"":""node-1774626219214-10"",""cx"":0.637460493241032,""cy"":0.9440810980212467},{""id"":""edge-1774626318473-26"",""from"":""node-1774626219214-10"",""to"":""node-1774626215241-9"",""cx"":0.3936913203411526,""cy"":0.8462786512042748}]},{""id"":""auto-1774626242879-12"",""name"":""Auto 3"",""nodes"":[{""id"":""node-1774626249302-13"",""action"":""Start"",""x"":0.4351649081093957,""y"":0.6501272080704842,""end"":false},{""id"":""node-1774626254520-14"",""action"":""Shoot"",""x"":0.3939897005162308,""y"":0.6872812688992526,""end"":false},{""id"":""node-1774626258116-15"",""action"":""Intake"",""x"":0.6989248971390141,""y"":0.529923034865416,""end"":false},{""id"":""node-1774626260885-16"",""action"":""Shoot"",""x"":0.3874255005646359,""y"":0.7637747881908091,""end"":false},{""id"":""node-1774626265812-17"",""action"":""Intake"",""x"":0.7305522669299267,""y"":0.8129492363263829,""end"":false},{""id"":""node-1774626269468-18"",""action"":""End"",""x"":0.3522177325729096,""y"":0.8457322017500989}],""edges"":[{""id"":""edge-1774626355889-30"",""from"":""node-1774626172268-2"",""to"":""node-1774626249302-13""},{""id"":""edge-1774626357892-31"",""from"":""node-1774626254520-14"",""to"":""node-1774626249302-13"",""cx"":0.41457730431281326,""cy"":0.6687042384848684},{""id"":""edge-1774626362185-32"",""from"":""node-1774626249302-13"",""to"":""node-1774626254520-14"",""cx"":0.41457730431281326,""cy"":0.6687042384848684},{""id"":""edge-1774626366738-33"",""from"":""node-1774626254520-14"",""to"":""node-1774626258116-15"",""cx"":0.6040428970330254,""cy"":1},{""id"":""edge-1774626374520-34"",""from"":""node-1774626258116-15"",""to"":""node-1774626260885-16"",""cx"":0.7019086442564206,""cy"":1},{""id"":""edge-1774626383688-35"",""from"":""node-1774626260885-16"",""to"":""node-1774626265812-17"",""cx"":0.5604807573059846,""cy"":0.9550087865110423},{""id"":""edge-1774626395874-36"",""from"":""node-1774626265812-17"",""to"":""node-1774626269468-18"",""cx"":0.5503361045202015,""cy"":0.916762026865264}]}],""activeAutoId"":""auto-1774626242879-12""}","seemed to have a good ceiling, pit was kept in good shape.  Had a flexible hopper and a dual shooter.",0,[],10,0.75,,,,,90.63884311335431,159.8704398673121,-69.23159675395766,21,2,4,0,frc2557
frc2635,2635,Lake Monsters,LAM Research/Intel/Boeing/Mentor Graphics/DWFritz/WA FIRST Robotics/Really Big Video/Markforged&Lake Oswego High School&Lakeridge High School,Lakeridge High School & Lake Oswego High School,Lake Oswego,Oregon,USA,,97034,,,,,,https://www.frc2635.org,2008,0,NP,can,swerve,auto_static,2-3,22,14-16,0.95,1,0,"[""NZ"",""OZ""]",[],"{""version"":1,""autos"":[{""id"":""auto-1"",""name"":""Auto 1"",""nodes"":[{""id"":""node-1774625937685-2"",""action"":""Start"",""x"":0.44441880306018267,""y"":0.2596178540243464},{""id"":""node-1774625946611-3"",""action"":""Intake"",""x"":0.26897578987118703,""y"":0.2998869998459089}],""edges"":[]}],""activeAutoId"":""auto-1""}",,0,[],2.24,1,,,,,3.515672360839286,-43.62514930424776,47.140821665087046,27,2,3,0,frc2635
frc2733,2733,Pigmice,Daimler/Terrazign/Boeing/Comcast/Clackamas Steel + Mfg/Autodesk/The Confidentiality Group/Cleveland Alumni Association/URS Electronics/Hankins Hardware/Oregon Blue Print/Oregon Community Foundation/FRC Sustainability – HQ&Cleveland High School,Cleveland High School,Portland,Oregon,USA,,97202,,,,,,https://www.pigmice.com,2009,1,DS,can,swerve,manual,3,20,8,0.875,1,0,"[""NZ"",""OZ""]",[],"{""version"":1,""autos"":[{""id"":""auto-1"",""name"":""Auto 1"",""nodes"":[{""id"":""node-1774627853219-1"",""action"":""Start"",""x"":0.4699296493657254,""y"":0.13963223586213983},{""id"":""node-1774627856990-2"",""action"":""Shoot"",""x"":0.3996629323487042,""y"":0.3787816528840721}],""edges"":[{""id"":""edge-1774627862479-3"",""from"":""node-1774627853219-1"",""to"":""node-1774627856990-2"",""cx"":0.43479629085721483,""cy"":0.259206944373106}]},{""id"":""auto-1774627865488-4"",""name"":""Auto 2"",""nodes"":[{""id"":""node-1774627867754-5"",""action"":""Start"",""x"":0.45336997720247835,""y"":0.5201345729107812},{""id"":""node-1774627869076-6"",""action"":""Shoot"",""x"":0.3839983775996867,""y"":0.5267091273306281}],""edges"":[{""id"":""edge-1774627871169-7"",""from"":""node-1774627867754-5"",""to"":""node-1774627869076-6"",""cx"":0.41868417740108255,""cy"":0.5234218501207046}]}],""activeAutoId"":""auto-1774627865488-4""}",,0,[],1,1,,,,,24.206914726461385,73.11758110191066,-48.910666375449324,31,1,4,0,frc2733
frc2811,2811,StormBots,Boeing/Daimler Truck North America/Total Mechanical/R3 Retail Development/Goldfish Ventures/Vancouver Public Schools&Skyview High School,Skyview High School,Vancouver,Washington,USA,,98685,,,,,,http://www.stormbots.com,2009,1,CW,can,swerve,auto_static,8-9,15-20,8,0.8,1,0,"[""NZ"",""OZ""]",[],"{""version"":1,""autos"":[{""id"":""auto-1"",""name"":""Auto 1"",""nodes"":[{""id"":""node-1774624907432-1"",""action"":""Start"",""x"":0.4724238453497446,""y"":0.1205524408587447},{""id"":""node-1774624932780-4"",""action"":""Intake"",""x"":0.2839696117548328,""y"":0.3078353616846711},{""id"":""node-1774624934564-5"",""action"":""Shoot"",""x"":0.34097701741729364,""y"":0.3008341309995898}],""edges"":[{""id"":""edge-1774624939392-6"",""from"":""node-1774624907432-1"",""to"":""node-1774624932780-4"",""cx"":0.3781967285522887,""cy"":0.2141939012717079},{""id"":""edge-1774624939924-7"",""from"":""node-1774624932780-4"",""to"":""node-1774624934564-5"",""cx"":0.3124733145860632,""cy"":0.3043347463421304}]},{""id"":""auto-1774624943002-8"",""name"":""Auto 2"",""nodes"":[{""id"":""node-1774624968445-9"",""action"":""Start"",""x"":0.47101043859778274,""y"":0.14155613291398877},{""id"":""node-1774624970462-10"",""action"":""Intake"",""x"":0.657108994272758,""y"":0.34896759195952415},{""id"":""node-1774624976782-11"",""action"":""Shoot"",""x"":0.4615877269180371,""y"":0.20194174757281552}],""edges"":[{""id"":""edge-1774624979341-12"",""from"":""node-1774624934564-5"",""to"":""node-1774624968445-9""},{""id"":""edge-1774624980535-13"",""from"":""node-1774624968445-9"",""to"":""node-1774624970462-10"",""cx"":0.6161201984658647,""cy"":0.11442636400929851},{""id"":""edge-1774624981457-14"",""from"":""node-1774624970462-10"",""to"":""node-1774624976782-11"",""cx"":0.5982170462743481,""cy"":0.1406809790783536}]},{""id"":""auto-1774624992745-15"",""name"":""Auto 3"",""nodes"":[{""id"":""node-1774624998704-16"",""action"":""Start"",""x"":0.4648856760059481,""y"":0.147682209763435,""end"":false},{""id"":""node-1774625012007-19"",""action"":""Intake"",""x"":0.6703007906244018,""y"":0.2833310542868864,""end"":false},{""id"":""node-1774625015708-20"",""action"":""Shoot"",""x"":0.672185332960351,""y"":0.35071789963079447,""end"":false},{""id"":""node-1774625028450-22"",""action"":""Intake"",""x"":0.3301408989855862,""y"":0.12842882537946124}],""edges"":[{""id"":""edge-1774625040857-23"",""from"":""node-1774624998704-16"",""to"":""node-1774625012007-19"",""cx"":0.567593233315175,""cy"":0.21550663202516068},{""id"":""edge-1774625042131-24"",""from"":""node-1774625012007-19"",""to"":""node-1774625015708-20"",""cx"":0.6712430617923764,""cy"":0.3170244769588404},{""id"":""edge-1774625043713-25"",""from"":""node-1774625015708-20"",""to"":""node-1774625028450-22"",""cx"":0.6048129444501701,""cy"":0.08642144126897307}]}],""activeAutoId"":""auto-1774624992745-15""}",nothing outstanding ,1,"[""L1""]",2.78,0.86,,,,,107.38171483619077,110.79629946248343,-3.4145846262926574,17,2,3,0,frc2811
frc2898,2898,Flying Hedgehogs,LAM Research/Intel/UL/Natalie Lee/Fidelity Charitable Donald Marumoto Memorial Fund/SolidWorks/ODE Oregon Dept of Education/Southwest Trailer Service/Friends of Japan/Copperforge/BPS Robotics & Family/Community,Family/Community,Portland,Oregon,USA,,97006,,,,,,http://www.team2898.bpsrobotics.org,2009,1,HD,can,swerve,auto_static,5,50,20,0.9,0,1,"[""NZ""]",[],"{""version"":1,""autos"":[{""id"":""auto-1"",""name"":""Auto 1"",""nodes"":[{""id"":""node-1774627623551-1"",""action"":""Start"",""x"":0.4459062666119604,""y"":0.1496405859274759,""end"":false},{""id"":""node-1774627626503-2"",""action"":""Intake"",""x"":0.7138435234592979,""y"":0.3747502985112704,""end"":false},{""id"":""node-1774627629832-3"",""action"":""Shoot"",""x"":0.3898124873318863,""y"":0.20755717485031916,""end"":false},{""id"":""node-1774627658851-8"",""action"":""End"",""x"":0.3528144929230658,""y"":0.2578243718257385}],""edges"":[{""id"":""edge-1774627662673-9"",""from"":""node-1774627623551-1"",""to"":""node-1774627626503-2"",""cx"":0.5798748950356292,""cy"":0.26219544221937313},{""id"":""edge-1774627663619-10"",""from"":""node-1774627626503-2"",""to"":""node-1774627629832-3"",""cx"":0.5518280053955921,""cy"":0.2911537366807948},{""id"":""edge-1774627668348-11"",""from"":""node-1774627629832-3"",""to"":""node-1774627658851-8"",""cx"":0.37131349012747605,""cy"":0.23269077333802882}]},{""id"":""auto-1774627634208-4"",""name"":""Auto 2"",""nodes"":[{""id"":""node-1774627636232-5"",""action"":""Start"",""x"":0.4548573986974311,""y"":0.4873051798145854,""end"":false},{""id"":""node-1774627642989-6"",""action"":""Shoot"",""x"":0.37250698351110123,""y"":0.4927689740366477,""end"":false},{""id"":""node-1774627648191-7"",""action"":""End"",""x"":0.31044576462958845,""y"":0.5036966625264433}],""edges"":[{""id"":""edge-1774627672222-12"",""from"":""node-1774627636232-5"",""to"":""node-1774627642989-6"",""cx"":0.4136821911042662,""cy"":0.49003707692561654},{""id"":""edge-1774627673226-13"",""from"":""node-1774627642989-6"",""to"":""node-1774627648191-7"",""cx"":0.3414763740703448,""cy"":0.49823281828154553}]}],""activeAutoId"":""auto-1774627634208-4""}",,0,[],5.06,0.78,,,,,33.35753614033263,131.7207430018878,-98.36320686155514,22,3,3,0,frc2898
frc2915,2915,Pandamonium,Autodesk / Riverdale PTC / Covanta / Lumencor / Intel & Riverdale High School,Riverdale High School,Portland,Oregon,USA,,97219,,,,,,http://team2915.com,2009,1,NP,cant,swerve,manual,3-4,30,8,70-80 but needs further testing,1,0,"[""NZ""]",[],"{""version"":1,""autos"":[{""id"":""auto-1"",""name"":""Auto 1"",""nodes"":[{""id"":""node-1774626459299-2"",""action"":""Start"",""x"":0.41801283934041034,""y"":0.4741126919718527},{""id"":""node-1774626515174-3"",""action"":""Intake"",""x"":0.6659603630820011,""y"":0.2768760593764446}],""edges"":[]}],""activeAutoId"":""auto-1""}",,0,[],5.32,1,,,,,18.146038207945452,122.02206970555221,-103.87603149760672,26,2,3,0,frc2915
frc2930,2930,Sonic Squirrels,Glacier Peak High School ASB&Snohomish High School&Glacier Peak High School,Snohomish High School & Glacier Peak High School,Snohomish,Washington,USA,,98296,,,,,,http://www.sonicsquirrels.com,2009,0,DS,can,swerve,auto_moving,10,25,20,0.75,1,0,"[""NZ""]",[],"{""version"":1,""autos"":[{""id"":""auto-1"",""name"":""Auto 1"",""nodes"":[{""id"":""node-1774626083096-1"",""action"":""Start"",""x"":0.4560553294451671,""y"":0.7724330987724074},{""id"":""node-1774626084464-2"",""action"":""Shoot"",""x"":0.4139848109763773,""y"":0.867764137860188},{""id"":""node-1774626101437-4"",""action"":""Intake"",""x"":0.7048979706009875,""y"":0.6072474189737531},{""id"":""node-1774626118815-6"",""action"":""Shoot"",""x"":0.4403907746961496,""y"":0.948302429503313}],""edges"":[{""id"":""edge-1774626086813-3"",""from"":""node-1774626083096-1"",""to"":""node-1774626084464-2"",""cx"":0.43502007021077216,""cy"":0.8200986183162977},{""id"":""edge-1774626103534-5"",""from"":""node-1774626084464-2"",""to"":""node-1774626101437-4"",""cx"":0.6252325207345557,""cy"":0.9672042734603729},{""id"":""edge-1774626121435-7"",""from"":""node-1774626101437-4"",""to"":""node-1774626118815-6"",""cx"":0.6404495167764584,""cy"":0.9326878627561764}]}],""activeAutoId"":""auto-1""}",,0,[],3.24,1,,,,,22.388483348867872,64.90833408116949,-42.519850732301606,25,2,4,0,frc2930
frc2990,2990,Hotwire,HP Civil Inc/SCTC/Freres Lumber/Blazer Industries/CoBank/Elavate Modular&Hotwire Robotics,Hotwire Robotics,Turner,Oregon,USA,,97392,,,,,,http://hotwirerobotics.com,2009,1,CW,can,swerve,auto_static,7,35,24,0.82,0,1,"[""NZ""]",[],"{""version"":1,""autos"":[{""id"":""auto-1"",""name"":""Auto 1"",""nodes"":[{""id"":""node-1774624651373-1"",""action"":""Start"",""x"":0.46865476067784634,""y"":0.8434295090933953},{""id"":""node-1774624653288-2"",""action"":""Intake"",""x"":0.6556955875207963,""y"":0.6456447422398468},{""id"":""node-1774624655949-3"",""action"":""Shoot"",""x"":0.4493382017343679,""y"":0.91869273895802},{""id"":""node-1774624657562-4"",""action"":""Intake"",""x"":0.6538110451848471,""y"":0.7917954327909202}],""edges"":[{""id"":""edge-1774624661880-5"",""from"":""node-1774624651373-1"",""to"":""node-1774624653288-2"",""cx"":0.5621751740993213,""cy"":0.7445371256666211},{""id"":""edge-1774624663065-6"",""from"":""node-1774624653288-2"",""to"":""node-1774624655949-3"",""cx"":0.552516894627582,""cy"":0.7821687405989334},{""id"":""edge-1774624663823-7"",""from"":""node-1774624655949-3"",""to"":""node-1774624657562-4"",""cx"":0.5515746234596075,""cy"":0.8552440858744701}]},{""id"":""auto-1774624666374-8"",""name"":""Auto 2"",""nodes"":[{""id"":""node-1774624668700-9"",""action"":""Start"",""x"":0.46771248950987176,""y"":0.5187474360727472},{""id"":""node-1774624669972-10"",""action"":""Intake"",""x"":0.2594705613874943,""y"":0.3008341309995898},{""id"":""node-1774624671351-11"",""action"":""Shoot"",""x"":0.33343884807349716,""y"":0.48111582114043483}],""edges"":[{""id"":""edge-1774624675354-12"",""from"":""node-1774624657562-4"",""to"":""node-1774624669972-10""},{""id"":""edge-1774624683443-14"",""from"":""node-1774624668700-9"",""to"":""node-1774624669972-10"",""cx"":0.363591525448683,""cy"":0.4097907835361685},{""id"":""edge-1774624684123-15"",""from"":""node-1774624669972-10"",""to"":""node-1774624671351-11"",""cx"":0.29645470473049573,""cy"":0.3909749760700123}]}],""activeAutoId"":""auto-1774624666374-8""}","intake is good, Blinky lights",0,[],4.27,0.61,,,,,137.5791950764738,155.88409710227737,-18.30490202580357,29,1,5,0,frc2990
frc3636,3636,Generals,Grant High School,Grant High School,Portland,Oregon,USA,,97212,,,,,,http://www.GHSrobo.com,2011,1,HD,can,swerve,auto_moving,6,50,20,0.85,1,1,"[""NZ"",""OZ""]",[],"{""version"":1,""autos"":[{""id"":""auto-1"",""name"":""Auto 1"",""nodes"":[{""id"":""node-1774627004633-1"",""action"":""Start"",""x"":0.43337468169230153,""y"":0.13543465091814413,""end"":false},{""id"":""node-1774627011152-2"",""action"":""Shoot"",""x"":0.39458640623301244,""y"":0.1900728932757804,""end"":false},{""id"":""node-1774627012400-3"",""action"":""Intake"",""x"":0.7221978405612377,""y"":0.2960711814943522,""end"":false},{""id"":""node-1774627017066-4"",""action"":""Shoot"",""x"":0.35579818540709784,""y"":0.1408984451402065,""end"":false},{""id"":""node-1774627021396-5"",""action"":""End"",""x"":0.313429511746995,""y"":0.19662948636052358}],""edges"":[{""id"":""edge-1774627032325-6"",""from"":""node-1774627004633-1"",""to"":""node-1774627012400-3"",""cx"":0.5777862611267697,""cy"":0.21575291620624815},{""id"":""edge-1774627033851-7"",""from"":""node-1774627012400-3"",""to"":""node-1774627011152-2"",""cx"":0.5583921233971251,""cy"":0.24307203738506628},{""id"":""edge-1774627038127-8"",""from"":""node-1774627017066-4"",""to"":""node-1774627004633-1"",""cx"":0.3945864335496997,""cy"":0.13816654802917533},{""id"":""edge-1774627044377-9"",""from"":""node-1774627011152-2"",""to"":""node-1774627021396-5"",""cx"":0.3540079589900037,""cy"":0.19335118981815197}]},{""id"":""auto-1774627048880-10"",""name"":""Auto 2"",""nodes"":[{""id"":""node-1774627060481-11"",""action"":""Start"",""x"":0.45366387799711866,""y"":0.49386177289932853},{""id"":""node-1774627063414-12"",""action"":""Shoot"",""x"":0.3874255005646359,""y"":0.4927689740366477},{""id"":""node-1774627066079-13"",""action"":""Climb"",""x"":0.31104252497974466,""y"":0.5277374371400544}],""edges"":[{""id"":""edge-1774627069040-14"",""from"":""node-1774627060481-11"",""to"":""node-1774627063414-12"",""cx"":0.4205446892808773,""cy"":0.49331537346798815},{""id"":""edge-1774627070597-15"",""from"":""node-1774627063414-12"",""to"":""node-1774627066079-13"",""cx"":0.3492340127721903,""cy"":0.5102532055883511}]}],""activeAutoId"":""auto-1774627048880-10""}","solid robot, durable",1,"[""L1""]",1,1,,,,,67.19417237352059,51.189374225502036,16.004798148018587,24,3,3,0,frc3636
frc3669,3669,CarbonKnights,Ram Mechanical/Ripon Christian Schools/Composite Envisions&Ripon Christian,Ripon Christian,Ripon,California,USA,,95366,,,,,,https://rcroboticsteam2016.shutterfly.com/,2011,1,NP,cant,swerve,auto_static,5,10,10,70,1,0,"[""NZ""]",[],"{""version"":1,""autos"":[{""id"":""auto-1"",""name"":""Auto 1"",""nodes"":[{""id"":""node-1774626799710-1"",""action"":""Start"",""x"":0.44218100952460876,""y"":0.9178951153115209},{""id"":""node-1774626805355-2"",""action"":""Intake"",""x"":0.6762542133456412,""y"":0.27605424007396373},{""id"":""node-1774626887098-5"",""action"":""Ferry"",""x"":0.6758066546385264,""y"":0.24235964867224818}],""edges"":[{""id"":""edge-1774626863429-4"",""from"":""node-1774626799710-1"",""to"":""node-1774626805355-2"",""cx"":0.6717786262744934,""cy"":0.9458369715958703}]}],""activeAutoId"":""auto-1""}",,0,[],1,1,,,,,-4.251165174573668,11.90334030479405,-16.154505479367693,33,1,4,0,frc3669
frc3674,3674,CloverBots,Boeing/US Digital/HP/OSPI / CAM Academy/NASA/WSU 4-H&Cam Academy&Family/Community,Family/Community & Cam Academy,Battle Ground,Washington,USA,,98604,,,,,,https://www.3674cloverbots.com/,2011,1,DS,can,swerve,auto_static,17,25,10,0.6,0,1,"[""NZ""]",[],"{""version"":1,""autos"":[{""id"":""auto-1"",""name"":""Auto 1"",""nodes"":[{""id"":""node-1774629650780-2"",""action"":""Start"",""x"":0.47351011902264367,""y"":0.14291951307206327},{""id"":""node-1774629740273-1"",""action"":""Intake"",""x"":0.6731213023958377,""y"":0.32865067543273924},{""id"":""node-1774629745899-2"",""action"":""Shoot"",""x"":0.435467628917887,""y"":0.09114489701576865},{""id"":""node-1774629762321-3"",""action"":""Climb"",""x"":0.30030489936922194,""y"":0.4593199445271971}],""edges"":[{""id"":""edge-1774629819589-4"",""from"":""node-1774629650780-2"",""to"":""node-1774629740273-1"",""cx"":0.6113582008139974,""cy"":0.08457034259592172},{""id"":""edge-1774629820199-5"",""from"":""node-1774629740273-1"",""to"":""node-1774629745899-2"",""cx"":0.6131484356424566,""cy"":0.03854846165699317},{""id"":""edge-1774629822659-6"",""from"":""node-1774629745899-2"",""to"":""node-1774629762321-3"",""cx"":0.27882208142771225,""cy"":0.14456315167702502}]}],""activeAutoId"":""auto-1""}",,1,"[""L1""]",3.905,0.85,,,,,84.08895619731646,7.687748369830622,76.40120782748578,13,3,3,0,frc3674
frc4488,4488,Shockwave,Lockheed Martin/Intel/Davis Tool/Edwards Vacuum/Hillsboro Optimist Club&Glencoe High School,Glencoe High School,Hillsboro,Oregon,USA,,97124,,,,,,http://glencoerobotics.com/,2013,1,CW,can,swerve,auto_static,Not sure,30-40,30,Not sure,1,0,"[""NZ""]",[],"{""version"":1,""autos"":[{""id"":""auto-1"",""name"":""Auto 1"",""nodes"":[{""id"":""node-1774626616821-1"",""action"":""Start"",""x"":0.47006816742980817,""y"":0.19319020921646382,""end"":false},{""id"":""node-1774626622682-2"",""action"":""Intake"",""x"":0.6561667231047835,""y"":0.3323396690824559,""end"":false},{""id"":""node-1774626625467-3"",""action"":""Shoot"",""x"":0.42012779552715657,""y"":0.10479967181731163,""end"":false},{""id"":""node-1774626630237-4"",""action"":""Intake"",""x"":0.7056359594234478,""y"":0.31396143853411734,""end"":false},{""id"":""node-1774626660461-8"",""action"":""End"",""x"":0.4827888281974647,""y"":0.147682209763435}],""edges"":[{""id"":""edge-1774626636833-5"",""from"":""node-1774626616821-1"",""to"":""node-1774626622682-2"",""cx"":0.6043418088661827,""cy"":0.14593190209216464},{""id"":""edge-1774626643261-6"",""from"":""node-1774626622682-2"",""to"":""node-1774626625467-3"",""cx"":0.6104665714580174,""cy"":0.10567482565294681},{""id"":""edge-1774626649741-7"",""from"":""node-1774626625467-3"",""to"":""node-1774626630237-4"",""cx"":0.6641760280325673,""cy"":0.06716805688499931},{""id"":""edge-1774626666544-9"",""from"":""node-1774626630237-4"",""to"":""node-1774626660461-8"",""cx"":0.6613492145286436,""cy"":0}]}],""activeAutoId"":""auto-1""}",,1,"[""L1""]",6.3,0.91,,,,,156.79734808373786,-47.52479083121668,204.3221389149546,6,4,1,0,frc4488
frc4662,4662,Byte Sized Robotics,Boeing/Samuel S Johnson Foundation/LAM/Argosy Foundation - Hack Club/Applied Materials&Scappoose Middle School&Scappoose High School,Scappoose Middle School & Scappoose High School,Scappoose,Oregon,USA,,97056,,,,,,https://www.bytesized4662.org,2013,1,HD,can,swerve,auto_static,3,20,10,0.88,1,0,"[""NZ""]",[],"{""version"":1,""autos"":[{""id"":""auto-1"",""name"":""Auto 1"",""nodes"":[{""id"":""node-1774627799239-1"",""action"":""Start"",""x"":0.43576161382617734,""y"":0.1441767416825781,""end"":false},{""id"":""node-1774627815616-2"",""action"":""Shoot"",""x"":0.371910223160945,""y"":0.1867945967334088,""end"":false},{""id"":""node-1774627854345-3"",""action"":""End"",""x"":0.3128327513968388,""y"":0.2567316229858931}],""edges"":[{""id"":""edge-1774627900892-10"",""from"":""node-1774627799239-1"",""to"":""node-1774627815616-2"",""cx"":0.40383591849356115,""cy"":0.16548566920799346},{""id"":""edge-1774627901747-11"",""from"":""node-1774627815616-2"",""to"":""node-1774627854345-3"",""cx"":0.3423714872788919,""cy"":0.22176310985965095}]},{""id"":""auto-1774627862733-4"",""name"":""Auto 2"",""nodes"":[{""id"":""node-1774627875715-5"",""action"":""Start"",""x"":0.45426063834727487,""y"":0.48839787863159534,""end"":false},{""id"":""node-1774627881185-6"",""action"":""Shoot"",""x"":0.4136821911042662,""y"":0.6140659461043967,""end"":false},{""id"":""node-1774627888971-7"",""action"":""End"",""x"":0.4047310590187955,""y"":0.6927450631213149}],""edges"":[{""id"":""edge-1774627896480-8"",""from"":""node-1774627875715-5"",""to"":""node-1774627881185-6"",""cx"":0.4339714147257705,""cy"":0.5512319123679961},{""id"":""edge-1774627897356-9"",""from"":""node-1774627881185-6"",""to"":""node-1774627888971-7"",""cx"":0.4092066250615308,""cy"":0.6534055046128557}]}],""activeAutoId"":""auto-1""}",,0,[],2.74,0.5,,,,,34.438479862420095,42.77475030686167,-8.336270444441546,11,4,2,0,frc4662
frc4915,4915,Spartronics,Boeing/Bainbridge Schools Foundation/Office of Superintendent of Public Instruction/Microsoft/Bainbridge Island School District&Bainbridge High School,Bainbridge High School,Bainbridge Island,Washington,USA,,98110,,,,,,http://spartronics4915.com/,2014,1,NP,can,swerve,auto_static,8 avg 13 max,60-65,50,80-90,1,0,"[""NZ"",""OZ""]",[],"{""version"":1,""autos"":[{""id"":""auto-1"",""name"":""Auto 1"",""nodes"":[{""id"":""node-1774627245964-1"",""action"":""Start"",""x"":0.493650260842809,""y"":0.13552313934973548},{""id"":""node-1774627251555-2"",""action"":""Intake"",""x"":0.6664079217891159,""y"":0.46753813755200574},{""id"":""node-1774627268324-4"",""action"":""Shoot"",""x"":0.4130896935621477,""y"":0.19798140633828137},{""id"":""node-1774627292516-6"",""action"":""Intake"",""x"":0.7048979706009875,""y"":0.3705634598592634}],""edges"":[{""id"":""edge-1774627256674-3"",""from"":""node-1774627251555-2"",""to"":""node-1774627245964-1"",""cx"":0.6963943551658065,""cy"":0.16839591144897015},{""id"":""edge-1774627274937-5"",""from"":""node-1774627268324-4"",""to"":""node-1774627251555-2"",""cx"":0.6247849620274409,""cy"":0.10265036725050079}]}],""activeAutoId"":""auto-1""}",,0,"[""L1""]",5.28,0.915,,,,,128.6112606597713,80.963008121383,47.648252538388455,3,5,0,0,frc4915
frc5970,5970,Beavertronics,Autodesk/LAM/ORTOP/FIRST Washington/Intel/TE Connectivity/Beaverton High School&Beaverton High School,Beaverton High School,Beaverton,Oregon,USA,,97005,,,,,,https://beavertronics5970.wixsite.com/bhs-robotics,2016,1,DS,can,swerve,manual,N/A,25,8,N/A,0,0,"[""NZ""]",[],"{""version"":1,""autos"":[{""id"":""auto-1"",""name"":""Auto 1"",""nodes"":[{""id"":""node-1774626382919-1"",""action"":""Shoot"",""x"":0.44486636176729744,""y"":0.5349273203554369}],""edges"":[]}],""activeAutoId"":""auto-1""}",,0,[],6.15,0.13,,,,,-22.70975434730552,22.648946225485936,-45.35870057279154,14,3,2,0,frc5970
frc5975,5975,Beta Blues,ESP Substains/Applied Plastics Machining/LAM/St. Mary's Academy&St Mary's Academy,St Mary's Academy,Portland,Oregon,USA,,97201,,,,,,http://www.firstinspires.org/,2016,1,CW,can,swerve,manual,untested,30,untested but hope for 8,untested,0,0,"[""NZ""]",[],"{""version"":1,""autos"":[{""id"":""auto-1"",""name"":""Auto 1"",""nodes"":[{""id"":""node-1774626852496-1"",""action"":""Start"",""x"":0.4761929300216428,""y"":0.5038698208669493},{""id"":""node-1774626855563-2"",""action"":""Shoot"",""x"":0.4055225924235509,""y"":0.5152468207302064}],""edges"":[{""id"":""edge-1774626868021-3"",""from"":""node-1774626852496-1"",""to"":""node-1774626855563-2"",""cx"":0.44085776122259684,""cy"":0.5095583207985779}]}],""activeAutoId"":""auto-1""}",,0,[],0.81,0.67,,,,,32.53604097789588,95.86615665885373,-63.330115680957896,34,0,5,0,frc5975
frc6465,6465,Mystic Biscuit,Subaru of Bend/Apollo Mechanical Contractors/Defense Architecture Systems/Central Electric Training Center/Marita and David Glodt/Lam/Eco Offroad/Morrison-Maierle/ColeBreit/Hooker Creek/Specialty Automotive/The Wonderful Company/Pizza Mondo/The Slow Down State&Cascades Academy,Cascades Academy,Bend,Oregon,USA,,97703,,,,,,https://www.mysticbiscuit.org,2017,1,HD,can,swerve,manual,2,25,0,0.9,1,0,"[""NZ""]",[],"{""version"":1,""autos"":[{""id"":""auto-1"",""name"":""Auto 1"",""nodes"":[],""edges"":[]}],""activeAutoId"":""auto-1""}",,1,"[""L3""]",4.85,0.71,,,,,32.119400027707876,28.723382010190008,3.3960180175179175,10,4,2,0,frc6465
frc6696,6696,Cardinal Dynamics,Argosy Foundation/Autodesk/M & M Sourdough/Troutdale Bikes/Amy Detter Painting/Triple W Properties/LAM Research/OnPoint Community Credit Union/Reliance Connects/Microchip/CC Coatings/Corbett Education Foundation&Corbett High School,Corbett High School,Corbett,Oregon,USA,,97019,,,,,,https://corbett.k12.or.us/robotics/,2017,0,NP,cant,swerve,auto_moving,6,45,,0.9,1,1,"[""NZ"",""OZ""]","[""NZ"",""OZ""]","{""version"":1,""autos"":[{""id"":""auto-1"",""name"":""Auto 1"",""nodes"":[{""id"":""node-1774628633087-1"",""action"":""Start"",""x"":0.4761954712653324,""y"":0.9162514767065592},{""id"":""node-1774628637791-2"",""action"":""Intake"",""x"":0.7201149666428901,""y"":0.5751964661769994},{""id"":""node-1774628642326-3"",""action"":""Shoot"",""x"":0.44262856823172353,""y"":0.8537932097180132},{""id"":""node-1774628646764-4"",""action"":""Intake"",""x"":0.6444775451404915,""y"":0.5875237557142123},{""id"":""node-1774628648326-5"",""action"":""Shoot"",""x"":0.40906166519811465,""y"":0.9343315013611382}],""edges"":[{""id"":""edge-1774628651601-6"",""from"":""node-1774628633087-1"",""to"":""node-1774628646764-4"",""cx"":0.5603365082029119,""cy"":0.7518876162103858},{""id"":""edge-1774628653662-7"",""from"":""node-1774628646764-4"",""to"":""node-1774628642326-3"",""cx"":0.5435530566861075,""cy"":0.7206584827161128},{""id"":""edge-1774628654610-8"",""from"":""node-1774628642326-3"",""to"":""node-1774628637791-2"",""cx"":0.5813717674373068,""cy"":0.7144948379475062},{""id"":""edge-1774628655549-9"",""from"":""node-1774628637791-2"",""to"":""node-1774628648326-5"",""cx"":0.5645883159205024,""cy"":0.7547639837690687}]}],""activeAutoId"":""auto-1""}",,0,[],6.72,0.9,,,,,166.93703970067133,103.57545463984508,63.361585060826236,1,5,0,0,frc6696
frc6831,6831,A-05 Annex,&Hood River Valley High School,Hood River Valley High School,Hood River,Oregon,USA,,97031,,,,,,https://www.a05annex.org,2018,1,DS,can,tank,manual,1,15,8,0.77,0,0,"[""NZ"",""OZ""]",[],"{""version"":1,""autos"":[{""id"":""auto-1"",""name"":""Auto 1"",""nodes"":[{""id"":""node-1774627219128-1"",""action"":""Start"",""x"":0.42964936572539475,""y"":0.4913708973239509},{""id"":""node-1774627221574-2"",""action"":""Shoot"",""x"":0.3719142925075875,""y"":0.3894653038163234}],""edges"":[{""id"":""edge-1774627226201-3"",""from"":""node-1774627219128-1"",""to"":""node-1774627221574-2"",""cx"":0.40078182911649113,""cy"":0.44041810057013714}]},{""id"":""auto-1774627229899-4"",""name"":""Auto 2"",""nodes"":[],""edges"":[]}],""activeAutoId"":""auto-1""}",,0,[],1.625,0.58,,,,,-28.505774505453644,56.48177695538794,-84.98755146084163,32,1,4,0,frc6831
frc749,749,Ctrl V,Crescent Valley High School,Crescent Valley High School,Corvallis,Oregon,USA,,,,,,,,,2002,1,CW,can,tank,manual,3-5,20-30,8,0.85,0,0,"[""NZ""]",[],"{""version"":1,""autos"":[{""id"":""auto-1"",""name"":""Auto 1"",""nodes"":[{""id"":""node-1774626292450-2"",""action"":""Start"",""x"":0.46205886250202444,""y"":0.38397374538493095},{""id"":""node-1774626295623-3"",""action"":""Shoot"",""x"":0.40976281267943643,""y"":0.38134828387802544},{""id"":""node-1774626317001-7"",""action"":""Intake"",""x"":0.6462728758410506,""y"":0.41547928346779706},{""id"":""node-1774626321331-8"",""action"":""Shoot"",""x"":0.45640523549417705,""y"":0.45486120607137975}],""edges"":[{""id"":""edge-1774626301948-4"",""from"":""node-1774626292450-2"",""to"":""node-1774626295623-3"",""cx"":0.43591083759073046,""cy"":0.38266101463147817},{""id"":""edge-1774626329437-9"",""from"":""node-1774626295623-3"",""to"":""node-1774626317001-7"",""cx"":0.5280178442602436,""cy"":0.39841378367291125},{""id"":""edge-1774626330076-10"",""from"":""node-1774626317001-7"",""to"":""node-1774626321331-8"",""cx"":0.5513390556676139,""cy"":0.43517024476958843}]}],""activeAutoId"":""auto-1""}",,1,"[""L1""]",4.89,0.67,,,,,67.25153100831581,114.42243899609446,-47.17090798777869,19,2,3,0,frc749
frc8032,8032,SAASquatch Robotics,Seattle Acad of Arts & Science,Seattle Acad of Arts & Science,Seattle,Washington,USA,,98122,,,,,,,2020,1,HD,can,swerve,auto_static,9,60,25,0.85,1,0,"[""NZ""]","[""NZ""]","{""version"":1,""autos"":[{""id"":""auto-1"",""name"":""Auto 1"",""nodes"":[{""id"":""node-1774628164277-1"",""action"":""Start"",""x"":0.44650297232874214,""y"":0.13762014859783492,""end"":false},{""id"":""node-1774628167289-2"",""action"":""Intake"",""x"":0.734132719764115,""y"":0.668704188462033,""end"":false},{""id"":""node-1774628179199-3"",""action"":""Shoot"",""x"":0.3742972099281954,""y"":0.2228558586994963,""end"":false},{""id"":""node-1774628183340-4"",""action"":""End"",""x"":0.3325252419848742,""y"":0.26328821607063624}],""edges"":[{""id"":""edge-1774628195752-5"",""from"":""node-1774628164277-1"",""to"":""node-1774628167289-2"",""cx"":0.5903178460464286,""cy"":0.4031621685299339},{""id"":""edge-1774628197066-6"",""from"":""node-1774628167289-2"",""to"":""node-1774628179199-3"",""cx"":0.5542149648461552,""cy"":0.44578002358076463},{""id"":""edge-1774628199107-7"",""from"":""node-1774628179199-3"",""to"":""node-1774628183340-4"",""cx"":0.3534112259565348,""cy"":0.24307203738506628}]},{""id"":""auto-1774628204129-8"",""name"":""Auto 2"",""nodes"":[],""edges"":[]}],""activeAutoId"":""auto-1774628204129-8""}",,0,[],5,0.92,,,,,97.13841520214513,26.44282086751346,70.69559433463172,4,5,0,0,frc8032
frc9430,9430,CTEC Robotics,The Biddix Foundation/RAM SteelCo/Salem Electric/Garmin&Career Technical Education Ctr,Career Technical Education Ctr,Salem,Oregon,USA,,,,,,,,,2024,0,,cant,swerve,auto_static,11,40,40,0.9,1,1,"[""NZ"",""OZ""]",[],"{""version"":1,""autos"":[{""id"":""auto-1"",""name"":""Auto 1"",""nodes"":[{""id"":""node-1774628754126-1"",""action"":""Start"",""x"":0.49230758472146463,""y"":0.12648312702244593},{""id"":""node-1774628763469-4"",""action"":""Intake"",""x"":0.7134015860361683,""y"":0.3261852175252966},{""id"":""node-1774628764867-5"",""action"":""Shoot"",""x"":0.422935985118673,""y"":0.1996250449432431},{""id"":""node-1774628771597-6"",""action"":""Intake"",""x"":0.68923341585197,""y"":0.5143818377934152},{""id"":""node-1774628783367-8"",""action"":""Shoot"",""x"":0.35311682680876655,""y"":0.262083311931789}],""edges"":[{""id"":""edge-1774628787138-9"",""from"":""node-1774628754126-1"",""to"":""node-1774628763469-4"",""cx"":0.6028545853788165,""cy"":0.22633417227387126},{""id"":""edge-1774628787559-10"",""from"":""node-1774628763469-4"",""to"":""node-1774628764867-5"",""cx"":0.5681687855774207,""cy"":0.26290513123426984},{""id"":""edge-1774628787998-11"",""from"":""node-1774628764867-5"",""to"":""node-1774628771597-6"",""cx"":0.5560847004853214,""cy"":0.3570034413683291},{""id"":""edge-1774628788408-12"",""from"":""node-1774628771597-6"",""to"":""node-1774628783367-8"",""cx"":0.6816249178310186,""cy"":0.02457753351481843}]},{""id"":""auto-1774628798834-13"",""name"":""Auto 2"",""nodes"":[{""id"":""node-1774628804643-14"",""action"":""Start"",""x"":0.4462090378886418,""y"":0.13305768144229288},{""id"":""node-1774628805613-15"",""action"":""Intake"",""x"":0.6802822417096742,""y"":0.34755251938979914},{""id"":""node-1774628806994-16"",""action"":""Shoot"",""x"":0.4515797423740192,""y"":0.22921053983255432},{""id"":""node-1774628807815-17"",""action"":""Intake"",""x"":0.2640526440929244,""y"":0.30646155426575583},{""id"":""node-1774628812158-18"",""action"":""Shoot"",""x"":0.3665435880222101,""y"":0.3697416405567826}],""edges"":[{""id"":""edge-1774628816622-19"",""from"":""node-1774628804643-14"",""to"":""node-1774628805613-15"",""cx"":0.563245639799158,""cy"":0.24030510041604602},{""id"":""edge-1774628817074-20"",""from"":""node-1774628805613-15"",""to"":""node-1774628806994-16"",""cx"":0.5659309920418467,""cy"":0.28838152961117675},{""id"":""edge-1774628818012-21"",""from"":""node-1774628806994-16"",""to"":""node-1774628807815-17"",""cx"":0.3578161932334718,""cy"":0.2678360470491551},{""id"":""edge-1774628818398-22"",""from"":""node-1774628807815-17"",""to"":""node-1774628812158-18"",""cx"":0.31529811605756725,""cy"":0.3381015974112692}]}],""activeAutoId"":""auto-1774628798834-13""}",,0,[],4.545,0.725,,,,,127.14328858017842,56.068836084207035,71.07445249597139,8,4,2,0,frc9430
frc955,955,Ctrl C,Corvallis School District 509J/Friends of CV/Selma/Argosy Foundation/LAM Research/Stephen's Heating&Crescent Valley High School,Crescent Valley High School,Corvallis,Oregon,USA,,97330,,,,,,http://www.cv955.com,2002,1,DS,can,swerve,auto_moving,8,35,45,0.9,1,0,"[""NZ""]",[],"{""version"":1,""autos"":[{""id"":""auto-1"",""name"":""Auto 1"",""nodes"":[{""id"":""node-1774625148414-1"",""action"":""Start"",""x"":0.44352368564595307,""y"":0.11333401818275207},{""id"":""node-1774625150533-2"",""action"":""Intake"",""x"":0.6722261849816081,""y"":0.39521803893368945},{""id"":""node-1774625153533-3"",""action"":""Shoot"",""x"":0.42964936572539475,""y"":0.18401047819610664},{""id"":""node-1774625155292-4"",""action"":""Intake"",""x"":0.6610372173037385,""y"":0.29824336124094714},{""id"":""node-1774625156589-5"",""action"":""Shoot"",""x"":0.4882795563574316,""y"":0.17661410447377882}],""edges"":[{""id"":""edge-1774625160744-6"",""from"":""node-1774625148414-1"",""to"":""node-1774625155292-4"",""cx"":0.5773437390732737,""cy"":0.09032307771328779},{""id"":""edge-1774625163430-7"",""from"":""node-1774625155292-4"",""to"":""node-1774625156589-5"",""cx"":0.589427824165373,""cy"":0},{""id"":""edge-1774625171222-8"",""from"":""node-1774625156589-5"",""to"":""node-1774625150533-2"",""cx"":0.6113582008139974,""cy"":0.02375571421233756},{""id"":""edge-1774625174406-9"",""from"":""node-1774625150533-2"",""to"":""node-1774625153533-3"",""cx"":0.5974838808934391,""cy"":0.019646617699933228}]},{""id"":""auto-1774625177660-10"",""name"":""Auto 2"",""nodes"":[{""id"":""node-1774625181570-11"",""action"":""Start"",""x"":0.3490887984447335,""y"":0.5143818377934152},{""id"":""node-1774625183726-12"",""action"":""Intake"",""x"":0.26897578987118703,""y"":0.3130361086856028},{""id"":""node-1774625187778-13"",""action"":""Shoot"",""x"":0.3804179079427684,""y"":0.29577790333350457},{""id"":""node-1774625189187-14"",""action"":""Intake"",""x"":0.2600246157288913,""y"":0.8488622939031281},{""id"":""node-1774625190486-15"",""action"":""Shoot"",""x"":0.3437180939593561,""y"":0.8266731727361446}],""edges"":[{""id"":""edge-1774625219618-16"",""from"":""node-1774625181570-11"",""to"":""node-1774625183726-12"",""cx"":0.3090322941579603,""cy"":0.41370897323950895},{""id"":""edge-1774625220357-17"",""from"":""node-1774625183726-12"",""to"":""node-1774625187778-13"",""cx"":0.3246968489069777,""cy"":0.30440700600955367},{""id"":""edge-1774625222470-18"",""from"":""node-1774625187778-13"",""to"":""node-1774625189187-14"",""cx"":0.3202212618358299,""cy"":0.5723200986183163},{""id"":""edge-1774625224018-19"",""from"":""node-1774625189187-14"",""to"":""node-1774625190486-15"",""cx"":0.3018713548441237,""cy"":0.8377677333196363}]}],""activeAutoId"":""auto-1774625177660-10""}",,0,[],7,0.86,,,,,140.98954476696787,59.438626116270825,81.55091865069707,5,5,1,0,frc955
frc9567,9567,StormBreakers,Boeing/Daimler Truck North America/Total Mechanical/R3 Retail Development/Goldfish Ventures/Vancouver Public Schools&Skyview High School,Skyview High School,Vancouver,Washington,USA,,,,,,,,,2024,1,CW,can,tank,manual,2-3,12-15,8,0.8,0,0,"[""NZ""]",[],"{""version"":1,""autos"":[{""id"":""auto-1"",""name"":""Auto 1"",""nodes"":[{""id"":""node-1774625882638-1"",""action"":""Start"",""x"":0.4639434048379735,""y"":0.2238205934636948},{""id"":""node-1774625893749-2"",""action"":""Shoot"",""x"":0.3918596604879198,""y"":0.22994667031314098}],""edges"":[{""id"":""edge-1774625900335-3"",""from"":""node-1774625882638-1"",""to"":""node-1774625893749-2"",""cx"":0.3536976781849502,""cy"":0.2028169014084507}]},{""id"":""auto-1774625913032-4"",""name"":""Auto 2"",""nodes"":[{""id"":""node-1774625918414-5"",""action"":""Start"",""x"":0.4592320489981007,""y"":0.4933679748393272},{""id"":""node-1774625921424-6"",""action"":""Shoot"",""x"":0.4116473550153855,""y"":0.48111582114043483}],""edges"":[{""id"":""edge-1774625925793-7"",""from"":""node-1774625918414-5"",""to"":""node-1774625921424-6"",""cx"":0.4354397020067431,""cy"":0.48724189798988105}]},{""id"":""auto-1774625927158-8"",""name"":""Auto 3"",""nodes"":[{""id"":""node-1774625929819-9"",""action"":""Start"",""x"":0.46959703184582086,""y"":0.723533433611377},{""id"":""node-1774625931670-10"",""action"":""Shoot"",""x"":0.4125896261833601,""y"":0.6981539723779571}],""edges"":[{""id"":""edge-1774625933524-11"",""from"":""node-1774625921424-6"",""to"":""node-1774625929819-9""},{""id"":""edge-1774625938095-12"",""from"":""node-1774625929819-9"",""to"":""node-1774625931670-10"",""cx"":0.4410933290145905,""cy"":0.710843702994667}]}],""activeAutoId"":""auto-1774625927158-8""}",Robot is good,0,[],1.655,0.32,,,,,12.696212671725576,118.20766282467034,-105.5114501529448,35,0,5,0,frc9567
frc957,957,SWARM - South and West Albany Robotics Maniacs,"Wheeler Family Foundation/Pyburn & Sons/Albany Public Schools Foundation/HP Inc./No Dinx/Argosy Foundation/LAM Research/Autodesk/Linn County Fair, Albany, OR/Benton County Fair Corvallis, OR/Albany Parks & Recreation/First Force/FIRST WA/Oregon Robotics Tournament & Outreach Program/Ram Steelco/Burcham's Metals/Albany American Legion Post 10/LBCC Mechatronics/Christmas Storybook Land/Albany Optimist Club/Takena and Central PTC/Viper Northwest&West Albany High School&South Albany High School",South Albany High School & West Albany High School,Albany,Oregon,USA,,97321,,,,,,http://www.team957.com,2002,1,HD,can,swerve,auto_static,8-10,45,20,0.9,1,1,"[""NZ"",""OZ""]",[],"{""version"":1,""autos"":[{""id"":""auto-1"",""name"":""Auto 1"",""nodes"":[{""id"":""node-1774625366579-1"",""action"":""Start"",""x"":0.47634011570256063,""y"":0.11904316820628617,""end"":false},{""id"":""node-1774625376397-2"",""action"":""Intake"",""x"":0.7478578253840863,""y"":0.2807724476223396,""end"":false},{""id"":""node-1774625383216-3"",""action"":""Shoot"",""x"":0.4136821911042662,""y"":0.22504140640202253,""end"":true},{""id"":""node-1774625576807-16"",""action"":""Ferry"",""x"":0.7287620405128326,""y"":0.18242355135119181,""end"":false}],""edges"":[{""id"":""edge-1774625420986-5"",""from"":""node-1774625376397-2"",""to"":""node-1774625383216-3"",""cx"":0.8319984669875102,""cy"":0.546314517577274},{""id"":""edge-1774625592988-17"",""from"":""node-1774625366579-1"",""to"":""node-1774625576807-16"",""cx"":0.6025510781076966,""cy"":0.150733359778739},{""id"":""edge-1774625596754-18"",""from"":""node-1774625576807-16"",""to"":""node-1774625376397-2"",""cx"":0.7383099329484595,""cy"":0.2315979994867657}]},{""id"":""auto-1774625477229-6"",""name"":""Auto 2"",""nodes"":[{""id"":""node-1774625487712-7"",""action"":""Start"",""x"":0.4972260723575339,""y"":0.10265168549442821,""end"":false},{""id"":""node-1774625498223-8"",""action"":""Intake"",""x"":0.7281653347960508,""y"":0.22613415524186792,""end"":false},{""id"":""node-1774625504593-9"",""action"":""Shoot"",""x"":0.38682879484785426,""y"":0.2621954172079554,""end"":false},{""id"":""node-1774625506822-10"",""action"":""Intake"",""x"":0.26986731738657976,""y"":0.3015349757164145,""end"":false},{""id"":""node-1774625511370-11"",""action"":""Shoot"",""x"":0.3390893873030945,""y"":0.3758430473511158,""end"":true}],""edges"":[{""id"":""edge-1774625526457-12"",""from"":""node-1774625487712-7"",""to"":""node-1774625498223-8"",""cx"":0.6126957035767924,""cy"":0.16439292036814807},{""id"":""edge-1774625529878-13"",""from"":""node-1774625498223-8"",""to"":""node-1774625504593-9"",""cx"":0.7926134858114394,""cy"":0.43157408857143287},{""id"":""edge-1774625531538-14"",""from"":""node-1774625504593-9"",""to"":""node-1774625506822-10"",""cx"":0.328348056117217,""cy"":0.281865196462185},{""id"":""edge-1774625533178-15"",""from"":""node-1774625506822-10"",""to"":""node-1774625511370-11"",""cx"":0.3044783523448371,""cy"":0.3386890115337652}]},{""id"":""auto-1774625606343-19"",""name"":""Auto 3"",""nodes"":[{""id"":""node-1774625633634-20"",""action"":""Start"",""x"":0.441729053427616,""y"":0.3332251923002851,""end"":false},{""id"":""node-1774625642362-21"",""action"":""Shoot"",""x"":0.29433372687574133,""y"":0.3987911231477169,""end"":false},{""id"":""node-1774625654567-22"",""action"":""Intake"",""x"":0.2800119155389883,""y"":0.26984480915537945,""end"":false},{""id"":""node-1774626702167-1"",""action"":""End"",""x"":0.3283480288005297,""y"":0.28732904070708276}],""edges"":[{""id"":""edge-1774625675452-23"",""from"":""node-1774625633634-20"",""to"":""node-1774625642362-21"",""cx"":0.3656444307011156,""cy"":0.3288541219066504},{""id"":""edge-1774625676862-24"",""from"":""node-1774625642362-21"",""to"":""node-1774625654567-22"",""cx"":0.2871728212073648,""cy"":0.3343179661515482},{""id"":""edge-1774626706240-2"",""from"":""node-1774625654567-22"",""to"":""node-1774626702167-1"",""cx"":0.304179972169759,""cy"":0.2785869249312311}]}],""activeAutoId"":""auto-1""}","had a good  intake that looked durable, ",0,[],3.48,0.88,,,,,105.44769467812554,91.05124754415402,14.396447133971542,18,2,3,0,frc957
frc9600,9600,X-Flare Robotics,Argosy International/Boeing/Gene Haas Foundation/7Robotics/Roseburg Forest Products/Con-Vey/Caddock Electronics/Cottage Grove Masonic Lodge/Performance Fab/Roseburg Glass&Elkton High School,Elkton High School,Elkton,Oregon,USA,,,,,,,,,2024,0,N,cant,swerve,auto_moving,2,40,20,0.95,1,1,"[""NZ""]",[],"{""version"":1,""autos"":[{""id"":""auto-1"",""name"":""Auto 1"",""nodes"":[{""id"":""node-1774628899873-1"",""action"":""Start"",""x"":0.49096490860012026,""y"":0.14045405516462067},{""id"":""node-1774628902290-2"",""action"":""Intake"",""x"":0.6717786262744934,""y"":0.3722070984642252},{""id"":""node-1774628904982-3"",""action"":""Shoot"",""x"":0.4247262199471321,""y"":0.24564692588217166},{""id"":""node-1774628907831-4"",""action"":""Intake"",""x"":0.6722261849816081,""y"":0.2349632749499204},{""id"":""node-1774628909360-5"",""action"":""Shoot"",""x"":0.40995678261234425,""y"":0.16675227284400843}],""edges"":[{""id"":""edge-1774628911447-6"",""from"":""node-1774628899873-1"",""to"":""node-1774628902290-2"",""cx"":0.5813717674373068,""cy"":0.25633057681442295},{""id"":""edge-1774628911979-7"",""from"":""node-1774628902290-2"",""to"":""node-1774628909360-5"",""cx"":0.5408677044434188,""cy"":0.2694796856541168},{""id"":""edge-1774628912339-8"",""from"":""node-1774628909360-5"",""to"":""node-1774628907831-4"",""cx"":0.5410914837969762,""cy"":0.2008577738969644},{""id"":""edge-1774628912857-9"",""from"":""node-1774628904982-3"",""to"":""node-1774628907831-4"",""cx"":0.5484762024643701,""cy"":0.24030510041604602}]},{""id"":""auto-1774628914443-10"",""name"":""Auto 2"",""nodes"":[{""id"":""node-1774628921382-11"",""action"":""Start"",""x"":0.4614260339305445,""y"":0.4913708973239509},{""id"":""node-1774628922635-12"",""action"":""Intake"",""x"":0.26808067245695744,""y"":0.26126149262930815},{""id"":""node-1774628923383-13"",""action"":""Shoot"",""x"":0.3781801144071945,""y"":0.4215162566130772}],""edges"":[{""id"":""edge-1774628927334-14"",""from"":""node-1774628921382-11"",""to"":""node-1774628922635-12"",""cx"":0.36475335319375096,""cy"":0.3763161949766295},{""id"":""edge-1774628927824-15"",""from"":""node-1774628922635-12"",""to"":""node-1774628923383-13"",""cx"":0.32313039343207595,""cy"":0.34138887462119266}]}],""activeAutoId"":""auto-1774628914443-10""}",,0,[],1.93,0.71,,,,,82.44873800249061,103.59313336131643,-21.144395358825903,9,4,2,0,frc9600
frc997,997,Spartan Robotics,"HAAS/HP, Inc/Argosy Foundation/LAM Research/Corvallis Public School Foundation/OptiTrack/Burgerville/Rice's Pharmacy/Oregon State University - College of Oceanography and Atmospheric Sciences/Grocery Outlet/Tom Laster Dentistry/Friends and Family/Block 15/McMenamins Restaurant Company&Corvallis High School",Corvallis High School,Corvallis,Oregon,USA,,97330,,,,,,http://www.chsrobotics.org,2002,1,DS,can,swerve,auto_static,6,30,50,0.9,1,0,"[""NZ"",""OZ""]",[],"{""version"":1,""autos"":[{""id"":""auto-1"",""name"":""Auto 1"",""nodes"":[{""id"":""node-1774625389133-1"",""action"":""Start"",""x"":0.45426509461670794,""y"":0.9154296574040782},{""id"":""node-1774625391214-2"",""action"":""Intake"",""x"":0.6601420998895089,""y"":0.460141763829678},{""id"":""node-1774625405812-4"",""action"":""Shoot"",""x"":0.4399432159890348,""y"":0.8233858955262212},{""id"":""node-1774625407849-5"",""action"":""Intake"",""x"":0.2756891704779088,""y"":0.8521495711130516},{""id"":""node-1774625409482-6"",""action"":""Shoot"",""x"":0.3267108630889943,""y"":0.8973496327494992}],""edges"":[{""id"":""edge-1774625393181-3"",""from"":""node-1774625389133-1"",""to"":""node-1774625391214-2"",""cx"":0.6395543993622288,""cy"":0.9499460681082746},{""id"":""edge-1774625429700-7"",""from"":""node-1774625391214-2"",""to"":""node-1774625405812-4"",""cx"":0.6431348690191471,""cy"":0.9359751399660999},{""id"":""edge-1774625434223-8"",""from"":""node-1774625405812-4"",""to"":""node-1774625407849-5"",""cx"":0.3578161932334718,""cy"":0.8377677333196364},{""id"":""edge-1774625438092-9"",""from"":""node-1774625407849-5"",""to"":""node-1774625409482-6"",""cx"":0.30120001678345154,""cy"":0.8747496019312754},{""id"":""edge-1774625444801-10"",""from"":""node-1774625409482-6"",""to"":""node-1774625407849-5"",""cx"":0.30120001678345154,""cy"":0.8747496019312754}]}],""activeAutoId"":""auto-1""}",,0,[],2.6,1,,,,,46.651305003351034,137.36693998253304,-90.71563497918203,28,1,4,0,frc997